Name,FitNum,RedChiSq,lf,AlignMag,Temp,pA,pB,pC,dwB,dwC,kexAB,kexAC,kexBC,k12,k21,k13,k31,k23,k32,tau1,tau2,tau3,dG12,dG13,ddG12,ddG21,ddG13,ddG31,ddG23,ddG32,R1,R1b,R1c,R2,R2b,R2c,pA_err,pB_err,pC_err,dwB_err,dwC_err,kexAB_err,kexAC_err,kexBC_err,k12_err,k21_err,k13_err,k31_err,k23_err,k32_err,tau1_err,tau2_err,tau3_err,dG12_err,dG13_err,ddG12_err,ddG21_err,ddG13_err,ddG31_err,ddG23_err,ddG32_err,R1_err,R1b_err,R1c_err,R2_err,R2b_err,R2c_err
dT5N3-mc,1,0.398517636577,70.960783,auto,298.2,0.998666146958,0.00133385304183,0.0,16.7051457515,0.0,6446.7986335,0.0,0.0,8.59908196734,6438.19955153,0.0,0.0,0.0,0.0,0.116291483649,0.000155322927163,0.0,3.92192830211,0.0,16.1811529007,12.2592245986,0.0,0.0,0.0,0.0,2.34086832898,2.34086832898,2.34086832898,5.00232277119,5.00232277119,5.00232277119,4.06321798375e-05,4.06321798375e-05,0.0,0.191233956273,0.0,255.206262684,0.0,0.0,0.429314624273,254.865989289,0.0,0.0,0.0,0.0,0.00580592612077,6.14869594731e-06,0.0,0.0377567812983,0.0,0.0295851377046,0.0234583494946,0.0,0.0,0.0,0.0,0.016133686884,0.016133686884,0.016133686884,0.140249665763,0.140249665763,0.140249665763
