Name,FitNum,N,DF,K,ChiSq,RedChiSq,Rsq,AdjRsq,AIC,BIC,RSS,TSS,SDR
dG15N1-mc,1,216,206,10,82.09463312512167,0.3985176365297169,0.9110678632369713,0.9067297102241406,-187.88647414900902,-155.2068608038747,82.09463312512169,923.1154913535199,0.6312825330465883
