Name,FitNum,N,DF,K,ChiSq,RedChiSq,Rsq,AdjRsq,AIC,BIC,RSS,TSS,SDR
dT5N3-mc,1,216,206,10,82.09463312512167,0.3985176365297169,0.8445143938541299,0.8369297301396972,-187.88647414900902,-155.2068608038747,82.09463312512169,527.9886361191783,0.6312825330465883
