Name,FitNum,RedChiSq,lf,AlignMag,Temp,pA,pB,pC,dwB,dwC,kexAB,kexAC,kexBC,k12,k21,k13,k31,k23,k32,tau1,tau2,tau3,dG12,dG13,ddG12,ddG21,ddG13,ddG31,ddG23,ddG32,R1,R1b,R1c,R2,R2b,R2c,pA_err,pB_err,pC_err,dwB_err,dwC_err,kexAB_err,kexAC_err,kexBC_err,k12_err,k21_err,k13_err,k31_err,k23_err,k32_err,tau1_err,tau2_err,tau3_err,dG12_err,dG13_err,ddG12_err,ddG21_err,ddG13_err,ddG31_err,ddG23_err,ddG32_err,R1_err,R1b_err,R1c_err,R2_err,R2b_err,R2c_err
dG15N1-mc,1,0.3985176365297169,70.960783,auto,298.2,0.9987948645753927,0.0012051354246073048,0.0,38.218181463917716,0.0,6792.764950587759,0.0,0.0,8.186201672984197,6784.578748914774,0.0,0.0,0.0,0.0,0.12215677550434206,0.00014739308614554068,0.0,3.982141360381118,0.0,16.210316950134548,12.228175589753429,0.0,0.0,0.0,0.0,2.595391186874661,2.595391186874661,2.595391186874661,5.058494314832162,5.058494314832162,5.058494314832162,1.0703074585159218e-05,1.0703074585159218e-05,0.0,0.18253115132137065,0.0,157.29954084064218,0.0,0.0,0.2029995358732304,157.10999037316046,0.0,0.0,0.0,0.0,0.0030292154678999085,3.4131708396929386e-06,0.0,0.020105754022947564,0.0,0.01469476867100058,0.013722431218157083,0.0,0.0,0.0,0.0,0.019404226264784247,0.019404226264784247,0.019404226264784247,0.10335767387602234,0.10335767387602234,0.10335767387602234
