Name,Fit Num,RedChiSq,lf,FuncEvals,pB,pC,dwB,dwC,kexAB,kexAC,kexBC,R1,R1b,R1c,R2,R2b,R2c,pB_err,pC_err,dwB_err,dwC_err,kexAB_err,kexAC_err,kexBC_err,R1_err,R1b_err,R1c_err,R2_err,R2b_err,R2c_err,
hpTT-GTG_G6-C1p,1,0.694870580129,150.784627,7,0.0563606213405,0.0,4.39855761001,0.0,1100.0,0.0,0.0,2.15004305023,2.15004305023,2.15004305023,13.2018597236,13.2018597236,13.2018597236,0.000227716583989,0.0,0.00901679491305,0.0,1100.0,0.0,0.0,0.0482604356833,0.0482604356833,0.0482604356833,0.181285178976,0.181285178976,0.181285178976,
