Name,FitNum,N,DF,K,ChiSq,RedChiSq,Rsq,AdjRsq,AIC,BIC,RSS,TSS,SDR
hpTT-GTG_G6-C1p,1,120,116,4,80.604987295,0.694870580129,0.998694084378,0.998648661226,-39.403920082,-28.6017791979,80.604987295,61722.9673577,0.833588975532
