Name,FitNum,N,DF,K,ChiSq,RedChiSq,Rsq,AdjRsq,AIC,BIC,RSS,TSS,SDR
dT5N3-mc,1,216,208,8,90.7497479531,0.436296865159,0.828121778112,0.821479141518,-170.613653601,-144.307078513,90.7497479531,527.988636119,0.660527717177
