Name,FitNum,N,DF,K,ChiSq,RedChiSq,Rsq,AdjRsq,AIC,BIC,RSS,TSS,SDR
dG15N1-mc,1,216,208,8,90.7497479531,0.436296865159,0.90169188059,0.89789253298,-170.613653601,-144.307078513,90.7497479531,923.115491354,0.660527717177
