Name,FitNum,N,DF,K,ChiSq,RedChiSq,Rsq,AdjRsq,AIC,BIC,RSS,TSS,SDR
hpTT-GTG_G6-C1p,1,120,115,5,814.6178381580507,7.0836333752873974,0.9868020305401465,0.9862231722305037,240.35359781953505,253.7647407439716,814.6178381580503,61722.96735766878,2.661509604582969
